gerne_id, amazement, solemnity, tenderness, nostalgia, calmness, power, joyful_activation, tension, sadness, mood
classical_1,0.14583333333333334,0.3333333333333333,0.20833333333333334,0.2916666666666667,0.625,0.020833333333333332,0.08333333333333333,0.0625,0.3125,3.4375
classical_2,0.10638297872340426,0.1702127659574468,0.425531914893617,0.3404255319148936,0.7446808510638298,0.0425531914893617,0.02127659574468085,0.02127659574468085,0.10638297872340426,3.595744680851064
classical_3,0.17391304347826086,0.34782608695652173,0.13043478260869565,0.17391304347826086,0.06521739130434782,0.2826086956521739,0.41304347826086957,0.2391304347826087,0.15217391304347827,3.739130434782609
classical_4,0.11904761904761904,0.14285714285714285,0.5238095238095238,0.4523809523809524,0.7619047619047619,0.023809523809523808,0.0,0.023809523809523808,0.14285714285714285,3.761904761904762
classical_5,0.045454545454545456,0.29545454545454547,0.3181818181818182,0.5227272727272727,0.3181818181818182,0.045454545454545456,0.06818181818181818,0.18181818181818182,0.3181818181818182,3.840909090909091
classical_6,0.10638297872340426,0.2127659574468085,0.2127659574468085,0.2978723404255319,0.5531914893617021,0.06382978723404255,0.23404255319148937,0.1276595744680851,0.1276595744680851,3.74468085106383
classical_7,0.3404255319148936,0.0851063829787234,0.14893617021276595,0.0851063829787234,0.10638297872340426,0.2127659574468085,0.8085106382978723,0.14893617021276595,0.02127659574468085,3.6595744680851063
classical_8,0.08695652173913043,0.2826086956521739,0.32608695652173914,0.30434782608695654,0.4782608695652174,0.043478260869565216,0.1956521739130435,0.15217391304347827,0.15217391304347827,3.5652173913043477
classical_9,0.11363636363636363,0.2727272727272727,0.3181818181818182,0.4090909090909091,0.4772727272727273,0.045454545454545456,0.06818181818181818,0.022727272727272728,0.36363636363636365,3.5
classical_10,0.2765957446808511,0.2127659574468085,0.02127659574468085,0.0425531914893617,0.02127659574468085,0.5106382978723404,0.6382978723404256,0.2127659574468085,0.02127659574468085,3.6808510638297873
classical_11,0.0425531914893617,0.2978723404255319,0.23404255319148937,0.3829787234042553,0.3617021276595745,0.0425531914893617,0.06382978723404255,0.1276595744680851,0.3829787234042553,3.595744680851064
classical_12,0.3137254901960784,0.058823529411764705,0.1568627450980392,0.1568627450980392,0.1568627450980392,0.0784313725490196,0.7450980392156863,0.0784313725490196,0.0392156862745098,3.6666666666666665
classical_13,0.02127659574468085,0.3191489361702128,0.14893617021276595,0.40425531914893614,0.3829787234042553,0.14893617021276595,0.02127659574468085,0.23404255319148937,0.2553191489361702,3.702127659574468
classical_14,0.12244897959183673,0.20408163265306123,0.30612244897959184,0.32653061224489793,0.3877551020408163,0.08163265306122448,0.14285714285714285,0.16326530612244897,0.12244897959183673,3.6530612244897958
classical_15,0.06818181818181818,0.3409090909090909,0.29545454545454547,0.45454545454545453,0.36363636363636365,0.022727272727272728,0.022727272727272728,0.09090909090909091,0.45454545454545453,3.6363636363636362
classical_16,0.09090909090909091,0.2727272727272727,0.045454545454545456,0.045454545454545456,0.022727272727272728,0.7045454545454546,0.11363636363636363,0.6363636363636364,0.13636363636363635,3.772727272727273
classical_17,0.10256410256410256,0.1794871794871795,0.6410256410256411,0.48717948717948717,0.717948717948718,0.0,0.0,0.05128205128205128,0.20512820512820512,3.6666666666666665
classical_18,0.37254901960784315,0.17647058823529413,0.058823529411764705,0.11764705882352941,0.11764705882352941,0.09803921568627451,0.803921568627451,0.0392156862745098,0.0,3.7450980392156863
classical_19,0.10638297872340426,0.3404255319148936,0.3404255319148936,0.2765957446808511,0.46808510638297873,0.0425531914893617,0.0425531914893617,0.10638297872340426,0.2127659574468085,3.74468085106383
classical_20,0.08888888888888889,0.4222222222222222,0.15555555555555556,0.3111111111111111,0.5111111111111111,0.044444444444444446,0.06666666666666667,0.2,0.28888888888888886,3.688888888888889
classical_21,0.15555555555555556,0.2222222222222222,0.4,0.26666666666666666,0.6222222222222222,0.022222222222222223,0.2,0.044444444444444446,0.08888888888888889,3.7555555555555555
classical_22,0.225,0.3,0.5,0.125,0.45,0.075,0.425,0.1,0.075,3.725
classical_23,0.15217391304347827,0.4782608695652174,0.043478260869565216,0.08695652173913043,0.043478260869565216,0.3695652173913043,0.6086956521739131,0.10869565217391304,0.08695652173913043,3.6956521739130435
classical_24,0.10204081632653061,0.22448979591836735,0.0,0.0,0.08163265306122448,0.42857142857142855,0.5510204081632653,0.40816326530612246,0.08163265306122448,3.795918367346939
classical_25,0.1956521739130435,0.45652173913043476,0.15217391304347827,0.2608695652173913,0.2608695652173913,0.043478260869565216,0.2391304347826087,0.21739130434782608,0.15217391304347827,3.8260869565217392
classical_26,0.2727272727272727,0.2727272727272727,0.022727272727272728,0.20454545454545456,0.022727272727272728,0.3409090909090909,0.6590909090909091,0.22727272727272727,0.06818181818181818,3.75
classical_27,0.1,0.7,0.0,0.05,0.025,0.75,0.05,0.4,0.2,3.5
classical_28,0.2962962962962963,0.07407407407407407,0.24074074074074073,0.05555555555555555,0.3888888888888889,0.0,0.6296296296296297,0.037037037037037035,0.0,3.5555555555555554
classical_29,0.14583333333333334,0.2708333333333333,0.2708333333333333,0.2708333333333333,0.4166666666666667,0.020833333333333332,0.125,0.08333333333333333,0.3333333333333333,3.5625
classical_30,0.4782608695652174,0.3695652173913043,0.021739130434782608,0.021739130434782608,0.10869565217391304,0.41304347826086957,0.5652173913043478,0.021739130434782608,0.0,3.6956521739130435
classical_31,0.0851063829787234,0.19148936170212766,0.2765957446808511,0.5106382978723404,0.48936170212765956,0.0425531914893617,0.02127659574468085,0.0851063829787234,0.2553191489361702,3.723404255319149
classical_32,0.06818181818181818,0.22727272727272727,0.20454545454545456,0.36363636363636365,0.4318181818181818,0.022727272727272728,0.11363636363636363,0.045454545454545456,0.29545454545454547,3.7045454545454546
classical_33,0.0,0.14285714285714285,0.34285714285714286,0.34285714285714286,0.6571428571428571,0.0,0.05714285714285714,0.05714285714285714,0.3142857142857143,3.7142857142857144
classical_34,0.24,0.12,0.12,0.12,0.28,0.04,0.64,0.08,0.04,3.56
classical_35,0.11764705882352941,0.058823529411764705,0.23529411764705882,0.17647058823529413,0.7058823529411765,0.0,0.058823529411764705,0.11764705882352941,0.17647058823529413,3.5294117647058822
classical_36,0.11764705882352941,0.11764705882352941,0.29411764705882354,0.35294117647058826,0.5294117647058824,0.11764705882352941,0.0,0.17647058823529413,0.17647058823529413,3.411764705882353
classical_37,0.16666666666666666,0.2222222222222222,0.4444444444444444,0.3333333333333333,0.3333333333333333,0.05555555555555555,0.0,0.2222222222222222,0.2777777777777778,3.2777777777777777
classical_38,0.058823529411764705,0.23529411764705882,0.29411764705882354,0.35294117647058826,0.5294117647058824,0.0,0.058823529411764705,0.058823529411764705,0.35294117647058826,3.3529411764705883
classical_39,0.5263157894736842,0.2631578947368421,0.0,0.0,0.0,0.47368421052631576,0.631578947368421,0.15789473684210525,0.0,3.210526315789474
classical_40,0.29411764705882354,0.29411764705882354,0.0,0.058823529411764705,0.0,0.47058823529411764,0.5882352941176471,0.35294117647058826,0.0,3.411764705882353
classical_41,0.15789473684210525,0.3684210526315789,0.21052631578947367,0.3157894736842105,0.3157894736842105,0.05263157894736842,0.15789473684210525,0.10526315789473684,0.15789473684210525,2.9473684210526314
classical_42,0.17647058823529413,0.17647058823529413,0.23529411764705882,0.17647058823529413,0.6470588235294118,0.11764705882352941,0.0,0.11764705882352941,0.11764705882352941,3.6470588235294117
classical_43,0.23529411764705882,0.23529411764705882,0.17647058823529413,0.23529411764705882,0.058823529411764705,0.17647058823529413,0.29411764705882354,0.23529411764705882,0.29411764705882354,3.823529411764706
classical_44,0.17647058823529413,0.35294117647058826,0.23529411764705882,0.17647058823529413,0.47058823529411764,0.11764705882352941,0.23529411764705882,0.058823529411764705,0.17647058823529413,3.764705882352941
classical_45,0.058823529411764705,0.23529411764705882,0.17647058823529413,0.4117647058823529,0.5294117647058824,0.058823529411764705,0.058823529411764705,0.058823529411764705,0.5294117647058824,3.411764705882353
classical_46,0.17647058823529413,0.11764705882352941,0.47058823529411764,0.4117647058823529,0.5294117647058824,0.0,0.058823529411764705,0.0,0.11764705882352941,3.5294117647058822
classical_47,0.058823529411764705,0.17647058823529413,0.23529411764705882,0.47058823529411764,0.4117647058823529,0.058823529411764705,0.058823529411764705,0.11764705882352941,0.6470588235294118,3.588235294117647
classical_48,0.058823529411764705,0.47058823529411764,0.058823529411764705,0.35294117647058826,0.23529411764705882,0.058823529411764705,0.11764705882352941,0.35294117647058826,0.29411764705882354,3.6470588235294117
classical_49,0.0,0.5882352941176471,0.11764705882352941,0.11764705882352941,0.11764705882352941,0.29411764705882354,0.058823529411764705,0.47058823529411764,0.6470588235294118,3.764705882352941
classical_50,0.29411764705882354,0.35294117647058826,0.17647058823529413,0.11764705882352941,0.0,0.35294117647058826,0.7058823529411765,0.29411764705882354,0.058823529411764705,3.7058823529411766
classical_51,0.1111111111111111,0.16666666666666666,0.2222222222222222,0.6666666666666666,0.3333333333333333,0.0,0.0,0.1111111111111111,0.3888888888888889,3.611111111111111
classical_52,0.2222222222222222,0.3333333333333333,0.05555555555555555,0.05555555555555555,0.05555555555555555,0.2222222222222222,0.5,0.3888888888888889,0.05555555555555555,3.6666666666666665
classical_53,0.23529411764705882,0.35294117647058826,0.0,0.17647058823529413,0.0,0.29411764705882354,0.35294117647058826,0.7058823529411765,0.11764705882352941,3.411764705882353
classical_54,0.16666666666666666,0.16666666666666666,0.16666666666666666,0.0,0.4444444444444444,0.2777777777777778,0.8333333333333334,0.1111111111111111,0.1111111111111111,3.6666666666666665
classical_55,0.1111111111111111,0.05555555555555555,0.3888888888888889,0.1111111111111111,0.5555555555555556,0.05555555555555555,0.2222222222222222,0.2777777777777778,0.16666666666666666,3.7777777777777777
classical_56,0.16666666666666666,0.16666666666666666,0.3333333333333333,0.2777777777777778,0.7222222222222222,0.05555555555555555,0.1111111111111111,0.0,0.16666666666666666,3.388888888888889
classical_57,0.2222222222222222,0.6666666666666666,0.2222222222222222,0.1111111111111111,0.1111111111111111,0.05555555555555555,0.05555555555555555,0.2222222222222222,0.3888888888888889,3.388888888888889
classical_58,0.058823529411764705,0.35294117647058826,0.11764705882352941,0.17647058823529413,0.11764705882352941,0.47058823529411764,0.17647058823529413,0.47058823529411764,0.23529411764705882,3.3529411764705883
classical_59,0.23529411764705882,0.23529411764705882,0.0,0.11764705882352941,0.0,0.47058823529411764,0.5882352941176471,0.29411764705882354,0.11764705882352941,3.176470588235294
classical_60,0.11764705882352941,0.29411764705882354,0.29411764705882354,0.5294117647058824,0.5294117647058824,0.0,0.0,0.11764705882352941,0.5294117647058824,3.5294117647058822
classical_61,0.16666666666666666,0.16666666666666666,0.0,0.16666666666666666,0.16666666666666666,0.05555555555555555,0.5555555555555556,0.3333333333333333,0.1111111111111111,3.2222222222222223
classical_62,0.17647058823529413,0.0,0.11764705882352941,0.23529411764705882,0.0,0.11764705882352941,0.7647058823529411,0.29411764705882354,0.0,3.3529411764705883
classical_63,0.058823529411764705,0.29411764705882354,0.23529411764705882,0.4117647058823529,0.47058823529411764,0.0,0.0,0.17647058823529413,0.29411764705882354,3.1176470588235294
classical_64,0.23529411764705882,0.058823529411764705,0.058823529411764705,0.058823529411764705,0.23529411764705882,0.11764705882352941,0.5882352941176471,0.23529411764705882,0.0,3.2941176470588234
classical_65,0.23529411764705882,0.058823529411764705,0.0,0.0,0.0,0.29411764705882354,0.7058823529411765,0.29411764705882354,0.0,3.2941176470588234
classical_66,0.11764705882352941,0.23529411764705882,0.0,0.17647058823529413,0.058823529411764705,0.17647058823529413,0.23529411764705882,0.47058823529411764,0.058823529411764705,2.9411764705882355
classical_67,0.17647058823529413,0.17647058823529413,0.29411764705882354,0.058823529411764705,0.47058823529411764,0.11764705882352941,0.23529411764705882,0.23529411764705882,0.058823529411764705,3.2941176470588234
classical_68,0.0,0.2222222222222222,0.2777777777777778,0.4444444444444444,0.5555555555555556,0.05555555555555555,0.05555555555555555,0.1111111111111111,0.2222222222222222,3.5
classical_69,0.05263157894736842,0.21052631578947367,0.7105263157894737,0.6052631578947368,0.6578947368421053,0.05263157894736842,0.07894736842105263,0.07894736842105263,0.0,3.6052631578947367
classical_70,0.2222222222222222,0.3888888888888889,0.05555555555555555,0.5,0.4444444444444444,0.05555555555555555,0.0,0.16666666666666666,0.2777777777777778,3.5
classical_71,0.17647058823529413,0.29411764705882354,0.058823529411764705,0.17647058823529413,0.23529411764705882,0.17647058823529413,0.6470588235294118,0.11764705882352941,0.0,3.6470588235294117
classical_72,0.29411764705882354,0.35294117647058826,0.0,0.17647058823529413,0.35294117647058826,0.23529411764705882,0.35294117647058826,0.35294117647058826,0.17647058823529413,3.4705882352941178
classical_73,0.17647058823529413,0.17647058823529413,0.17647058823529413,0.35294117647058826,0.29411764705882354,0.0,0.17647058823529413,0.23529411764705882,0.0,3.3529411764705883
classical_74,0.2777777777777778,0.2222222222222222,0.05555555555555555,0.16666666666666666,0.2222222222222222,0.2222222222222222,0.3333333333333333,0.4444444444444444,0.1111111111111111,3.8333333333333335
classical_75,0.17647058823529413,0.11764705882352941,0.11764705882352941,0.17647058823529413,0.11764705882352941,0.23529411764705882,0.35294117647058826,0.47058823529411764,0.058823529411764705,3.3529411764705883
classical_76,0.0,0.4117647058823529,0.0,0.17647058823529413,0.11764705882352941,0.11764705882352941,0.35294117647058826,0.47058823529411764,0.23529411764705882,3.176470588235294
classical_77,0.058823529411764705,0.11764705882352941,0.4117647058823529,0.35294117647058826,0.47058823529411764,0.058823529411764705,0.29411764705882354,0.17647058823529413,0.0,3.4705882352941178
classical_78,0.11764705882352941,0.17647058823529413,0.11764705882352941,0.17647058823529413,0.058823529411764705,0.23529411764705882,0.6470588235294118,0.4117647058823529,0.0,3.4705882352941178
classical_79,0.17647058823529413,0.11764705882352941,0.058823529411764705,0.29411764705882354,0.23529411764705882,0.17647058823529413,0.5882352941176471,0.17647058823529413,0.11764705882352941,3.588235294117647
classical_80,0.23529411764705882,0.35294117647058826,0.058823529411764705,0.23529411764705882,0.29411764705882354,0.11764705882352941,0.6470588235294118,0.058823529411764705,0.0,3.2941176470588234
classical_81,0.125,0.3125,0.0625,0.0,0.1875,0.3125,0.75,0.25,0.0,3.4375
classical_82,0.0625,0.0625,0.5,0.5625,0.8125,0.0,0.0,0.0,0.1875,3.375
classical_83,0.17647058823529413,0.11764705882352941,0.23529411764705882,0.5294117647058824,0.17647058823529413,0.058823529411764705,0.4117647058823529,0.17647058823529413,0.4117647058823529,3.411764705882353
classical_84,0.058823529411764705,0.5294117647058824,0.23529411764705882,0.4117647058823529,0.47058823529411764,0.058823529411764705,0.11764705882352941,0.11764705882352941,0.17647058823529413,3.588235294117647
classical_85,0.35294117647058826,0.058823529411764705,0.058823529411764705,0.11764705882352941,0.17647058823529413,0.11764705882352941,0.47058823529411764,0.35294117647058826,0.11764705882352941,3.4705882352941178
classical_86,0.16666666666666666,0.3333333333333333,0.05555555555555555,0.16666666666666666,0.2777777777777778,0.2222222222222222,0.16666666666666666,0.3888888888888889,0.16666666666666666,3.4444444444444446
classical_87,0.058823529411764705,0.23529411764705882,0.29411764705882354,0.4117647058823529,0.5294117647058824,0.0,0.0,0.0,0.35294117647058826,3.411764705882353
classical_88,0.23529411764705882,0.058823529411764705,0.11764705882352941,0.17647058823529413,0.0,0.23529411764705882,0.47058823529411764,0.47058823529411764,0.17647058823529413,3.7058823529411766
classical_89,0.0,0.058823529411764705,0.4117647058823529,0.4117647058823529,0.7058823529411765,0.0,0.058823529411764705,0.0,0.11764705882352941,3.411764705882353
classical_90,0.23529411764705882,0.29411764705882354,0.0,0.0,0.11764705882352941,0.11764705882352941,0.35294117647058826,0.35294117647058826,0.0,3.411764705882353
classical_91,0.0,0.4117647058823529,0.17647058823529413,0.29411764705882354,0.35294117647058826,0.058823529411764705,0.0,0.058823529411764705,0.5882352941176471,3.2941176470588234
classical_92,0.11764705882352941,0.4117647058823529,0.17647058823529413,0.35294117647058826,0.5294117647058824,0.0,0.11764705882352941,0.058823529411764705,0.11764705882352941,3.4705882352941178
classical_93,0.11764705882352941,0.0,0.35294117647058826,0.23529411764705882,0.8823529411764706,0.0,0.17647058823529413,0.0,0.11764705882352941,3.176470588235294
classical_94,0.29411764705882354,0.5882352941176471,0.0,0.058823529411764705,0.35294117647058826,0.11764705882352941,0.29411764705882354,0.23529411764705882,0.17647058823529413,3.3529411764705883
classical_95,0.29411764705882354,0.17647058823529413,0.23529411764705882,0.17647058823529413,0.11764705882352941,0.11764705882352941,0.7058823529411765,0.058823529411764705,0.11764705882352941,3.2941176470588234
classical_96,0.058823529411764705,0.17647058823529413,0.35294117647058826,0.29411764705882354,0.47058823529411764,0.058823529411764705,0.35294117647058826,0.058823529411764705,0.058823529411764705,3.411764705882353
classical_97,0.11764705882352941,0.47058823529411764,0.058823529411764705,0.17647058823529413,0.23529411764705882,0.0,0.0,0.29411764705882354,0.35294117647058826,3.1176470588235294
classical_98,0.058823529411764705,0.4117647058823529,0.23529411764705882,0.35294117647058826,0.5882352941176471,0.0,0.0,0.058823529411764705,0.35294117647058826,3.0
classical_99,0.11764705882352941,0.11764705882352941,0.4117647058823529,0.23529411764705882,0.8823529411764706,0.11764705882352941,0.17647058823529413,0.058823529411764705,0.17647058823529413,3.0588235294117645
classical_100,0.11764705882352941,0.47058823529411764,0.0,0.11764705882352941,0.17647058823529413,0.5294117647058824,0.11764705882352941,0.29411764705882354,0.11764705882352941,3.176470588235294
rock_101,0.02,0.26,0.18,0.3,0.1,0.26,0.2,0.24,0.3,3.6
rock_102,0.11764705882352941,0.0392156862745098,0.35294117647058826,0.5882352941176471,0.35294117647058826,0.0,0.19607843137254902,0.0392156862745098,0.0784313725490196,3.6666666666666665
rock_103,0.10416666666666667,0.0625,0.0625,0.16666666666666666,0.16666666666666666,0.4583333333333333,0.5,0.25,0.08333333333333333,3.7291666666666665
rock_104,0.2,0.2222222222222222,0.28888888888888886,0.4666666666666667,0.24444444444444444,0.044444444444444446,0.13333333333333333,0.15555555555555556,0.2,3.688888888888889
rock_105,0.06818181818181818,0.25,0.09090909090909091,0.4090909090909091,0.20454545454545456,0.2727272727272727,0.045454545454545456,0.25,0.4318181818181818,3.590909090909091
rock_106,0.09090909090909091,0.09090909090909091,0.29545454545454547,0.5,0.4090909090909091,0.045454545454545456,0.06818181818181818,0.06818181818181818,0.5,3.477272727272727
rock_107,0.25,0.3181818181818182,0.18181818181818182,0.22727272727272727,0.3409090909090909,0.11363636363636363,0.2727272727272727,0.1590909090909091,0.1590909090909091,3.25
rock_108,0.15789473684210525,0.34210526315789475,0.13157894736842105,0.42105263157894735,0.34210526315789475,0.3157894736842105,0.05263157894736842,0.3684210526315789,0.23684210526315788,3.3157894736842106
rock_109,0.1956521739130435,0.10869565217391304,0.06521739130434782,0.15217391304347827,0.08695652173913043,0.45652173913043476,0.45652173913043476,0.34782608695652173,0.06521739130434782,3.347826086956522
rock_110,0.06521739130434782,0.17391304347826086,0.021739130434782608,0.15217391304347827,0.10869565217391304,0.5217391304347826,0.13043478260869565,0.3695652173913043,0.391304347826087,3.347826086956522
rock_111,0.24,0.06,0.02,0.1,0.1,0.38,0.7,0.14,0.08,3.38
rock_112,0.1346153846153846,0.19230769230769232,0.038461538461538464,0.3076923076923077,0.28846153846153844,0.25,0.07692307692307693,0.28846153846153844,0.15384615384615385,3.5
rock_113,0.043478260869565216,0.10869565217391304,0.45652173913043476,0.45652173913043476,0.45652173913043476,0.0,0.021739130434782608,0.06521739130434782,0.3695652173913043,3.347826086956522
rock_114,0.057692307692307696,0.2692307692307692,0.038461538461538464,0.28846153846153844,0.17307692307692307,0.36538461538461536,0.09615384615384616,0.2692307692307692,0.19230769230769232,3.4423076923076925
rock_115,0.06521739130434782,0.21739130434782608,0.06521739130434782,0.2826086956521739,0.13043478260869565,0.4782608695652174,0.13043478260869565,0.2826086956521739,0.30434782608695654,3.5
rock_116,0.08163265306122448,0.1836734693877551,0.24489795918367346,0.3673469387755102,0.24489795918367346,0.24489795918367346,0.20408163265306123,0.16326530612244897,0.10204081632653061,3.6122448979591835
rock_117,0.06666666666666667,0.15555555555555556,0.3333333333333333,0.4,0.5777777777777777,0.0,0.06666666666666667,0.1111111111111111,0.24444444444444444,3.6444444444444444
rock_118,0.07894736842105263,0.13157894736842105,0.5789473684210527,0.5263157894736842,0.5263157894736842,0.0,0.02631578947368421,0.02631578947368421,0.21052631578947367,3.6315789473684212
rock_119,0.28,0.16,0.08,0.04,0.0,0.32,0.44,0.2,0.0,3.44
rock_120,0.11538461538461539,0.15384615384615385,0.19230769230769232,0.34615384615384615,0.15384615384615385,0.19230769230769232,0.11538461538461539,0.11538461538461539,0.11538461538461539,3.5384615384615383
rock_121,0.15,0.05,0.0,0.0,0.0,0.5,0.15,0.45,0.15,3.35
rock_122,0.15789473684210525,0.10526315789473684,0.5789473684210527,0.3684210526315789,0.2631578947368421,0.15789473684210525,0.05263157894736842,0.10526315789473684,0.05263157894736842,3.4210526315789473
rock_123,0.058823529411764705,0.0,0.0,0.11764705882352941,0.0,0.23529411764705882,0.7647058823529411,0.17647058823529413,0.058823529411764705,3.588235294117647
rock_124,0.125,0.0625,0.0625,0.25,0.1875,0.0625,0.125,0.1875,0.3125,3.75
rock_125,0.0,0.07142857142857142,0.07142857142857142,0.14285714285714285,0.0,0.07142857142857142,0.42857142857142855,0.21428571428571427,0.14285714285714285,3.7857142857142856
rock_126,0.07142857142857142,0.14285714285714285,0.0,0.0,0.0,0.21428571428571427,0.6428571428571429,0.21428571428571427,0.0,3.9285714285714284
rock_127,0.14285714285714285,0.0,0.0,0.21428571428571427,0.0,0.14285714285714285,0.35714285714285715,0.5,0.14285714285714285,3.9285714285714284
rock_128,0.3333333333333333,0.13333333333333333,0.0,0.3333333333333333,0.06666666666666667,0.26666666666666666,0.6,0.13333333333333333,0.06666666666666667,3.7333333333333334
rock_129,0.2857142857142857,0.14285714285714285,0.14285714285714285,0.07142857142857142,0.14285714285714285,0.42857142857142855,0.5714285714285714,0.14285714285714285,0.0,3.2142857142857144
rock_130,0.35714285714285715,0.42857142857142855,0.0,0.07142857142857142,0.14285714285714285,0.42857142857142855,0.21428571428571427,0.42857142857142855,0.14285714285714285,3.4285714285714284
rock_131,0.0,0.14285714285714285,0.14285714285714285,0.2857142857142857,0.07142857142857142,0.14285714285714285,0.0,0.35714285714285715,0.8571428571428571,3.357142857142857
rock_132,0.14285714285714285,0.0,0.21428571428571427,0.35714285714285715,0.14285714285714285,0.07142857142857142,0.42857142857142855,0.14285714285714285,0.21428571428571427,3.5714285714285716
rock_133,0.07142857142857142,0.21428571428571427,0.2857142857142857,0.35714285714285715,0.6428571428571429,0.14285714285714285,0.0,0.0,0.35714285714285715,3.0714285714285716
rock_134,0.0,0.2,0.4,0.26666666666666666,0.3333333333333333,0.13333333333333333,0.06666666666666667,0.13333333333333333,0.26666666666666666,2.933333333333333
rock_135,0.07142857142857142,0.07142857142857142,0.2857142857142857,0.14285714285714285,0.42857142857142855,0.21428571428571427,0.21428571428571427,0.2857142857142857,0.21428571428571427,3.5
rock_136,0.07142857142857142,0.14285714285714285,0.07142857142857142,0.21428571428571427,0.07142857142857142,0.5,0.35714285714285715,0.42857142857142855,0.07142857142857142,3.5714285714285716
rock_137,0.14285714285714285,0.0,0.07142857142857142,0.14285714285714285,0.0,0.5,0.5,0.35714285714285715,0.07142857142857142,3.0714285714285716
rock_138,0.14285714285714285,0.0,0.0,0.07142857142857142,0.14285714285714285,0.5,0.6428571428571429,0.14285714285714285,0.07142857142857142,3.357142857142857
rock_139,0.21428571428571427,0.14285714285714285,0.07142857142857142,0.2857142857142857,0.0,0.7142857142857143,0.07142857142857142,0.35714285714285715,0.35714285714285715,3.4285714285714284
rock_140,0.3076923076923077,0.0,0.07692307692307693,0.23076923076923078,0.07692307692307693,0.46153846153846156,0.6153846153846154,0.23076923076923078,0.0,3.6153846153846154
rock_141,0.14285714285714285,0.14285714285714285,0.0,0.2857142857142857,0.07142857142857142,0.21428571428571427,0.07142857142857142,0.21428571428571427,0.5,3.4285714285714284
rock_142,0.0,0.2,0.13333333333333333,0.2,0.3333333333333333,0.13333333333333333,0.0,0.3333333333333333,0.4666666666666667,3.2
rock_143,0.14285714285714285,0.21428571428571427,0.14285714285714285,0.21428571428571427,0.5714285714285714,0.21428571428571427,0.2857142857142857,0.14285714285714285,0.14285714285714285,3.357142857142857
rock_144,0.2857142857142857,0.07142857142857142,0.0,0.0,0.14285714285714285,0.2857142857142857,0.6428571428571429,0.42857142857142855,0.0,3.9285714285714284
rock_145,0.0,0.0,0.21428571428571427,0.5714285714285714,0.6428571428571429,0.07142857142857142,0.0,0.07142857142857142,0.35714285714285715,3.5
rock_146,0.21428571428571427,0.2857142857142857,0.2857142857142857,0.35714285714285715,0.2857142857142857,0.14285714285714285,0.21428571428571427,0.07142857142857142,0.35714285714285715,3.5
rock_147,0.14285714285714285,0.07142857142857142,0.14285714285714285,0.5,0.42857142857142855,0.14285714285714285,0.2857142857142857,0.14285714285714285,0.2857142857142857,3.142857142857143
rock_148,0.35714285714285715,0.0,0.07142857142857142,0.2857142857142857,0.21428571428571427,0.21428571428571427,0.35714285714285715,0.21428571428571427,0.07142857142857142,3.2857142857142856
rock_149,0.07142857142857142,0.07142857142857142,0.35714285714285715,0.5,0.6428571428571429,0.0,0.0,0.07142857142857142,0.2857142857142857,3.142857142857143
rock_150,0.14285714285714285,0.5,0.14285714285714285,0.21428571428571427,0.2857142857142857,0.14285714285714285,0.07142857142857142,0.2857142857142857,0.21428571428571427,3.142857142857143
rock_151,0.0,0.0,0.3076923076923077,0.46153846153846156,0.23076923076923078,0.38461538461538464,0.46153846153846156,0.07692307692307693,0.23076923076923078,3.5384615384615383
rock_152,0.07142857142857142,0.2857142857142857,0.0,0.35714285714285715,0.0,0.7857142857142857,0.14285714285714285,0.35714285714285715,0.2857142857142857,3.0714285714285716
rock_153,0.07142857142857142,0.07142857142857142,0.0,0.7142857142857143,0.35714285714285715,0.07142857142857142,0.14285714285714285,0.0,0.5,3.2857142857142856
rock_154,0.14285714285714285,0.14285714285714285,0.07142857142857142,0.35714285714285715,0.35714285714285715,0.07142857142857142,0.35714285714285715,0.14285714285714285,0.2857142857142857,3.0714285714285716
rock_155,0.0,0.35714285714285715,0.07142857142857142,0.35714285714285715,0.2857142857142857,0.21428571428571427,0.21428571428571427,0.14285714285714285,0.14285714285714285,3.2142857142857144
rock_156,0.21428571428571427,0.0,0.0,0.0,0.07142857142857142,0.42857142857142855,1.0,0.07142857142857142,0.0,3.2857142857142856
rock_157,0.14285714285714285,0.21428571428571427,0.14285714285714285,0.21428571428571427,0.21428571428571427,0.07142857142857142,0.21428571428571427,0.2857142857142857,0.2857142857142857,3.142857142857143
rock_158,0.42857142857142855,0.35714285714285715,0.07142857142857142,0.35714285714285715,0.42857142857142855,0.21428571428571427,0.35714285714285715,0.14285714285714285,0.21428571428571427,3.2142857142857144
rock_159,0.21428571428571427,0.0,0.2857142857142857,0.42857142857142855,0.2857142857142857,0.07142857142857142,0.14285714285714285,0.2857142857142857,0.0,3.142857142857143
rock_160,0.0,0.14285714285714285,0.21428571428571427,0.14285714285714285,0.14285714285714285,0.07142857142857142,0.2857142857142857,0.5,0.14285714285714285,2.9285714285714284
rock_161,0.0,0.14285714285714285,0.07142857142857142,0.07142857142857142,0.14285714285714285,0.21428571428571427,0.0,0.9285714285714286,0.14285714285714285,3.7142857142857144
rock_162,0.0,0.07142857142857142,0.0,0.21428571428571427,0.0,0.6428571428571429,0.5,0.35714285714285715,0.07142857142857142,3.642857142857143
rock_163,0.07142857142857142,0.07142857142857142,0.2857142857142857,0.5,0.14285714285714285,0.35714285714285715,0.21428571428571427,0.21428571428571427,0.14285714285714285,3.7857142857142856
rock_164,0.14285714285714285,0.14285714285714285,0.42857142857142855,0.42857142857142855,0.2857142857142857,0.07142857142857142,0.14285714285714285,0.07142857142857142,0.35714285714285715,3.5714285714285716
rock_165,0.0,0.14285714285714285,0.7142857142857143,0.42857142857142855,0.5714285714285714,0.0,0.0,0.0,0.21428571428571427,3.642857142857143
rock_166,0.21428571428571427,0.07142857142857142,0.21428571428571427,0.6428571428571429,0.21428571428571427,0.21428571428571427,0.2857142857142857,0.14285714285714285,0.14285714285714285,3.2857142857142856
rock_167,0.14285714285714285,0.07142857142857142,0.14285714285714285,0.21428571428571427,0.14285714285714285,0.07142857142857142,0.2857142857142857,0.14285714285714285,0.14285714285714285,3.4285714285714284
rock_168,0.15384615384615385,0.0,0.15384615384615385,0.6923076923076923,0.38461538461538464,0.0,0.07692307692307693,0.15384615384615385,0.3076923076923077,3.4615384615384617
rock_169,0.3076923076923077,0.07692307692307693,0.0,0.07692307692307693,0.0,0.46153846153846156,0.6923076923076923,0.23076923076923078,0.0,3.3846153846153846
rock_170,0.23076923076923078,0.15384615384615385,0.38461538461538464,0.5384615384615384,0.3076923076923077,0.0,0.07692307692307693,0.0,0.3076923076923077,3.230769230769231
rock_171,0.0,0.21428571428571427,0.0,0.14285714285714285,0.14285714285714285,0.42857142857142855,0.2857142857142857,0.5714285714285714,0.14285714285714285,2.9285714285714284
rock_172,0.2857142857142857,0.14285714285714285,0.35714285714285715,0.5714285714285714,0.35714285714285715,0.07142857142857142,0.21428571428571427,0.07142857142857142,0.0,3.142857142857143
rock_173,0.2857142857142857,0.14285714285714285,0.07142857142857142,0.42857142857142855,0.5,0.35714285714285715,0.6428571428571429,0.21428571428571427,0.0,3.4285714285714284
rock_174,0.15384615384615385,0.07692307692307693,0.0,0.15384615384615385,0.0,0.6923076923076923,0.3076923076923077,0.38461538461538464,0.23076923076923078,3.3076923076923075
rock_175,0.14285714285714285,0.14285714285714285,0.35714285714285715,0.5714285714285714,0.35714285714285715,0.14285714285714285,0.14285714285714285,0.0,0.21428571428571427,3.0714285714285716
rock_176,0.0,0.0,0.18181818181818182,0.21212121212121213,0.21212121212121213,0.0,0.030303030303030304,0.030303030303030304,0.6666666666666666,3.8181818181818183
rock_177,0.0,0.07142857142857142,0.42857142857142855,0.42857142857142855,0.5714285714285714,0.21428571428571427,0.21428571428571427,0.07142857142857142,0.21428571428571427,3.5
rock_178,0.2857142857142857,0.14285714285714285,0.35714285714285715,0.2857142857142857,0.5714285714285714,0.07142857142857142,0.14285714285714285,0.14285714285714285,0.0,3.7142857142857144
rock_179,0.14285714285714285,0.14285714285714285,0.0,0.21428571428571427,0.07142857142857142,0.0,0.7142857142857143,0.2857142857142857,0.07142857142857142,3.642857142857143
rock_180,0.14285714285714285,0.14285714285714285,0.14285714285714285,0.07142857142857142,0.2857142857142857,0.2857142857142857,0.07142857142857142,0.2857142857142857,0.42857142857142855,3.2142857142857144
rock_181,0.07142857142857142,0.07142857142857142,0.2857142857142857,0.07142857142857142,0.2857142857142857,0.2857142857142857,0.5714285714285714,0.21428571428571427,0.0,3.7142857142857144
rock_182,0.07142857142857142,0.07142857142857142,0.5714285714285714,0.35714285714285715,0.5714285714285714,0.0,0.0,0.0,0.2857142857142857,3.7142857142857144
rock_183,0.07142857142857142,0.07142857142857142,0.35714285714285715,0.42857142857142855,0.5,0.0,0.07142857142857142,0.0,0.35714285714285715,3.7857142857142856
rock_184,0.14285714285714285,0.07142857142857142,0.2857142857142857,0.35714285714285715,0.5714285714285714,0.0,0.14285714285714285,0.21428571428571427,0.0,3.4285714285714284
rock_185,0.0,0.07142857142857142,0.0,0.0,0.14285714285714285,0.42857142857142855,0.42857142857142855,0.42857142857142855,0.07142857142857142,3.142857142857143
rock_186,0.21428571428571427,0.07142857142857142,0.2857142857142857,0.2857142857142857,0.14285714285714285,0.2857142857142857,0.21428571428571427,0.14285714285714285,0.21428571428571427,3.2142857142857144
rock_187,0.0,0.35714285714285715,0.21428571428571427,0.35714285714285715,0.42857142857142855,0.07142857142857142,0.0,0.14285714285714285,0.35714285714285715,3.2857142857142856
rock_188,0.07142857142857142,0.0,0.5,0.5714285714285714,0.21428571428571427,0.07142857142857142,0.14285714285714285,0.21428571428571427,0.5,3.642857142857143
rock_189,0.13333333333333333,0.06666666666666667,0.5333333333333333,0.06666666666666667,0.26666666666666666,0.13333333333333333,0.4666666666666667,0.2,0.13333333333333333,3.2
rock_190,0.0,0.14285714285714285,0.42857142857142855,0.5714285714285714,0.5,0.07142857142857142,0.0,0.14285714285714285,0.42857142857142855,3.2142857142857144
rock_191,0.15384615384615385,0.23076923076923078,0.46153846153846156,0.46153846153846156,0.46153846153846156,0.07692307692307693,0.15384615384615385,0.07692307692307693,0.15384615384615385,3.923076923076923
rock_192,0.0,0.14285714285714285,0.42857142857142855,0.42857142857142855,0.42857142857142855,0.14285714285714285,0.21428571428571427,0.14285714285714285,0.14285714285714285,3.5714285714285716
rock_193,0.0,0.15384615384615385,0.46153846153846156,0.5384615384615384,0.46153846153846156,0.0,0.0,0.07692307692307693,0.6153846153846154,3.6923076923076925
rock_194,0.125,0.0625,0.25,0.25,0.3125,0.1875,0.375,0.0,0.3125,3.5
rock_195,0.0,0.14285714285714285,0.5,0.6428571428571429,0.6428571428571429,0.0,0.0,0.0,0.42857142857142855,4.0
rock_196,0.21428571428571427,0.14285714285714285,0.0,0.5,0.42857142857142855,0.07142857142857142,0.2857142857142857,0.14285714285714285,0.2857142857142857,3.5
rock_197,0.14285714285714285,0.14285714285714285,0.07142857142857142,0.14285714285714285,0.07142857142857142,0.2857142857142857,0.42857142857142855,0.21428571428571427,0.07142857142857142,3.142857142857143
rock_198,0.21428571428571427,0.0,0.07142857142857142,0.14285714285714285,0.07142857142857142,0.42857142857142855,0.7142857142857143,0.0,0.0,3.4285714285714284
rock_199,0.35714285714285715,0.14285714285714285,0.07142857142857142,0.21428571428571427,0.0,0.6428571428571429,0.2857142857142857,0.07142857142857142,0.07142857142857142,3.142857142857143
rock_200,0.21428571428571427,0.0,0.2857142857142857,0.21428571428571427,0.14285714285714285,0.07142857142857142,0.21428571428571427,0.07142857142857142,0.07142857142857142,3.2857142857142856
electronic_201,0.12,0.14,0.0,0.02,0.16,0.3,0.38,0.64,0.06,3.48
electronic_202,0.16,0.18,0.06,0.1,0.52,0.08,0.52,0.2,0.0,3.54
electronic_203,0.11363636363636363,0.4772727272727273,0.022727272727272728,0.06818181818181818,0.11363636363636363,0.5,0.022727272727272728,0.5454545454545454,0.20454545454545456,3.6363636363636362
electronic_204,0.08,0.3,0.0,0.08,0.06,0.54,0.04,0.62,0.1,3.64
electronic_205,0.3076923076923077,0.2564102564102564,0.358974358974359,0.3333333333333333,0.7692307692307693,0.05128205128205128,0.07692307692307693,0.07692307692307693,0.1282051282051282,3.4615384615384617
electronic_206,0.08333333333333333,0.14583333333333334,0.020833333333333332,0.020833333333333332,0.08333333333333333,0.375,0.625,0.5208333333333334,0.041666666666666664,3.4166666666666665
electronic_207,0.1016949152542373,0.13559322033898305,0.01694915254237288,0.1016949152542373,0.1864406779661017,0.1016949152542373,0.3220338983050847,0.559322033898305,0.05084745762711865,3.440677966101695
electronic_208,0.1276595744680851,0.3404255319148936,0.14893617021276595,0.1702127659574468,0.46808510638297873,0.1702127659574468,0.10638297872340426,0.3191489361702128,0.10638297872340426,3.5531914893617023
electronic_209,0.11538461538461539,0.09615384615384616,0.0,0.057692307692307696,0.057692307692307696,0.34615384615384615,0.5576923076923077,0.5384615384615384,0.019230769230769232,3.6153846153846154
electronic_210,0.1111111111111111,0.37777777777777777,0.08888888888888889,0.15555555555555556,0.3333333333333333,0.3333333333333333,0.044444444444444446,0.4444444444444444,0.13333333333333333,3.533333333333333
electronic_211,0.06896551724137931,0.1206896551724138,0.06896551724137931,0.034482758620689655,0.20689655172413793,0.1896551724137931,0.2413793103448276,0.603448275862069,0.1206896551724138,3.4482758620689653
electronic_212,0.11320754716981132,0.18867924528301888,0.03773584905660377,0.1320754716981132,0.22641509433962265,0.3584905660377358,0.37735849056603776,0.32075471698113206,0.0,3.4716981132075473
electronic_213,0.13793103448275862,0.10344827586206896,0.06896551724137931,0.15517241379310345,0.3103448275862069,0.13793103448275862,0.3620689655172414,0.1724137931034483,0.10344827586206896,3.4827586206896552
electronic_214,0.14285714285714285,0.07142857142857142,0.05357142857142857,0.16071428571428573,0.16071428571428573,0.16071428571428573,0.5357142857142857,0.2857142857142857,0.07142857142857142,3.517857142857143
electronic_215,0.21052631578947367,0.10526315789473684,0.03508771929824561,0.10526315789473684,0.2631578947368421,0.17543859649122806,0.45614035087719296,0.22807017543859648,0.03508771929824561,3.508771929824561
electronic_216,0.11627906976744186,0.11627906976744186,0.11627906976744186,0.11627906976744186,0.16279069767441862,0.23255813953488372,0.4883720930232558,0.4186046511627907,0.046511627906976744,3.558139534883721
electronic_217,0.029411764705882353,0.17647058823529413,0.29411764705882354,0.47058823529411764,0.7647058823529411,0.029411764705882353,0.0,0.058823529411764705,0.29411764705882354,3.411764705882353
electronic_218,0.20689655172413793,0.2413793103448276,0.06896551724137931,0.06896551724137931,0.5517241379310345,0.10344827586206896,0.1724137931034483,0.3103448275862069,0.06896551724137931,3.4482758620689653
electronic_219,0.18181818181818182,0.2727272727272727,0.2727272727272727,0.0,0.5454545454545454,0.18181818181818182,0.09090909090909091,0.18181818181818182,0.45454545454545453,4.2727272727272725
electronic_220,0.3333333333333333,0.07407407407407407,0.14814814814814814,0.18518518518518517,0.37037037037037035,0.1111111111111111,0.18518518518518517,0.18518518518518517,0.07407407407407407,3.259259259259259
electronic_221,0.09090909090909091,0.5454545454545454,0.045454545454545456,0.045454545454545456,0.09090909090909091,0.45454545454545453,0.045454545454545456,0.3181818181818182,0.13636363636363635,3.409090909090909
electronic_222,0.09090909090909091,0.0,0.0,0.0,0.0,0.3181818181818182,0.3181818181818182,0.5909090909090909,0.09090909090909091,3.5454545454545454
electronic_223,0.18181818181818182,0.0,0.0,0.0,0.09090909090909091,0.2727272727272727,0.6363636363636364,0.36363636363636365,0.09090909090909091,3.5454545454545454
electronic_224,0.09090909090909091,0.2727272727272727,0.2727272727272727,0.09090909090909091,0.7272727272727273,0.0,0.2727272727272727,0.09090909090909091,0.09090909090909091,3.6363636363636362
electronic_225,0.0,0.2222222222222222,0.0,0.0,0.3333333333333333,0.16666666666666666,0.0,0.6666666666666666,0.2222222222222222,3.7777777777777777
electronic_226,0.0,0.5384615384615384,0.07692307692307693,0.38461538461538464,0.46153846153846156,0.15384615384615385,0.0,0.07692307692307693,0.38461538461538464,3.5384615384615383
electronic_227,0.18181818181818182,0.18181818181818182,0.09090909090909091,0.18181818181818182,0.6363636363636364,0.09090909090909091,0.09090909090909091,0.09090909090909091,0.0,3.5454545454545454
electronic_228,0.09090909090909091,0.09090909090909091,0.0,0.09090909090909091,0.0,0.9090909090909091,0.5454545454545454,0.09090909090909091,0.0,3.3636363636363638
electronic_229,0.18181818181818182,0.09090909090909091,0.0,0.0,0.0,0.2727272727272727,0.2727272727272727,0.7272727272727273,0.09090909090909091,3.5454545454545454
electronic_230,0.09090909090909091,0.09090909090909091,0.0,0.09090909090909091,0.18181818181818182,0.45454545454545453,0.5454545454545454,0.36363636363636365,0.2727272727272727,4.0
electronic_231,0.08333333333333333,0.16666666666666666,0.0,0.0,0.16666666666666666,0.4166666666666667,0.16666666666666666,0.3333333333333333,0.08333333333333333,3.6666666666666665
electronic_232,0.2727272727272727,0.2727272727272727,0.2727272727272727,0.09090909090909091,0.36363636363636365,0.45454545454545453,0.0,0.2727272727272727,0.0,3.727272727272727
electronic_233,0.0,0.36363636363636365,0.0,0.0,0.0,0.2727272727272727,0.09090909090909091,0.6363636363636364,0.0,3.6363636363636362
electronic_234,0.0,0.36363636363636365,0.09090909090909091,0.0,0.2727272727272727,0.2727272727272727,0.18181818181818182,0.45454545454545453,0.18181818181818182,3.5454545454545454
electronic_235,0.09090909090909091,0.2727272727272727,0.09090909090909091,0.18181818181818182,0.36363636363636365,0.2727272727272727,0.18181818181818182,0.18181818181818182,0.18181818181818182,3.4545454545454546
electronic_236,0.0,0.18181818181818182,0.0,0.09090909090909091,0.0,0.36363636363636365,0.5454545454545454,0.36363636363636365,0.09090909090909091,3.272727272727273
electronic_237,0.0,0.45454545454545453,0.09090909090909091,0.18181818181818182,0.45454545454545453,0.09090909090909091,0.0,0.45454545454545453,0.09090909090909091,3.090909090909091
electronic_238,0.09090909090909091,0.2727272727272727,0.18181818181818182,0.45454545454545453,0.6363636363636364,0.09090909090909091,0.0,0.45454545454545453,0.36363636363636365,2.727272727272727
electronic_239,0.09090909090909091,0.2727272727272727,0.09090909090909091,0.0,0.0,0.18181818181818182,0.36363636363636365,0.45454545454545453,0.09090909090909091,2.909090909090909
electronic_240,0.09090909090909091,0.36363636363636365,0.0,0.09090909090909091,0.36363636363636365,0.0,0.0,0.6363636363636364,0.0,3.6363636363636362
electronic_241,0.09090909090909091,0.6363636363636364,0.09090909090909091,0.09090909090909091,0.5454545454545454,0.2727272727272727,0.18181818181818182,0.09090909090909091,0.09090909090909091,4.090909090909091
electronic_242,0.0,0.45454545454545453,0.0,0.7272727272727273,0.5454545454545454,0.09090909090909091,0.09090909090909091,0.18181818181818182,0.2727272727272727,3.272727272727273
electronic_243,0.0,0.18181818181818182,0.0,0.18181818181818182,0.0,0.5454545454545454,0.18181818181818182,0.45454545454545453,0.18181818181818182,3.272727272727273
electronic_244,0.0,0.45454545454545453,0.0,0.09090909090909091,0.2727272727272727,0.18181818181818182,0.0,0.36363636363636365,0.45454545454545453,3.6363636363636362
electronic_245,0.0,0.5454545454545454,0.09090909090909091,0.09090909090909091,0.18181818181818182,0.2727272727272727,0.0,0.7272727272727273,0.2727272727272727,3.5454545454545454
electronic_246,0.09090909090909091,0.36363636363636365,0.0,0.2727272727272727,0.2727272727272727,0.36363636363636365,0.2727272727272727,0.36363636363636365,0.18181818181818182,3.3636363636363638
electronic_247,0.2727272727272727,0.45454545454545453,0.0,0.18181818181818182,0.5454545454545454,0.18181818181818182,0.0,0.36363636363636365,0.18181818181818182,3.4545454545454546
electronic_248,0.09090909090909091,0.2727272727272727,0.0,0.0,0.09090909090909091,1.0,0.18181818181818182,0.5454545454545454,0.09090909090909091,3.4545454545454546
electronic_249,0.09090909090909091,0.5454545454545454,0.36363636363636365,0.36363636363636365,0.6363636363636364,0.09090909090909091,0.09090909090909091,0.0,0.0,3.090909090909091
electronic_250,0.0,0.16666666666666666,0.08333333333333333,0.0,0.0,0.5,0.5833333333333334,0.5,0.0,2.9166666666666665
electronic_251,0.36363636363636365,0.36363636363636365,0.09090909090909091,0.09090909090909091,0.0,0.5454545454545454,0.36363636363636365,0.2727272727272727,0.36363636363636365,3.4545454545454546
electronic_252,0.09090909090909091,0.36363636363636365,0.18181818181818182,0.36363636363636365,0.2727272727272727,0.18181818181818182,0.0,0.2727272727272727,0.5454545454545454,3.4545454545454546
electronic_253,0.18181818181818182,0.2727272727272727,0.09090909090909091,0.09090909090909091,0.18181818181818182,0.18181818181818182,0.2727272727272727,0.5454545454545454,0.09090909090909091,3.4545454545454546
electronic_254,0.18181818181818182,0.45454545454545453,0.0,0.0,0.2727272727272727,0.2727272727272727,0.5454545454545454,0.7272727272727273,0.09090909090909091,3.5454545454545454
electronic_255,0.08333333333333333,0.16666666666666666,0.0,0.08333333333333333,0.16666666666666666,0.5,0.5833333333333334,0.5833333333333334,0.08333333333333333,3.6666666666666665
electronic_256,0.18181818181818182,0.0,0.09090909090909091,0.0,0.09090909090909091,0.45454545454545453,0.09090909090909091,0.7272727272727273,0.2727272727272727,3.1818181818181817
electronic_257,0.2727272727272727,0.09090909090909091,0.0,0.2727272727272727,0.09090909090909091,0.0,0.45454545454545453,0.2727272727272727,0.09090909090909091,3.3636363636363638
electronic_258,0.09090909090909091,0.18181818181818182,0.09090909090909091,0.18181818181818182,0.45454545454545453,0.0,0.09090909090909091,0.2727272727272727,0.0,3.5454545454545454
electronic_259,0.0,0.09090909090909091,0.2727272727272727,0.0,0.5454545454545454,0.18181818181818182,0.45454545454545453,0.2727272727272727,0.09090909090909091,3.5454545454545454
electronic_260,0.36363636363636365,0.36363636363636365,0.09090909090909091,0.09090909090909091,0.0,0.6363636363636364,0.09090909090909091,0.8181818181818182,0.09090909090909091,4.0
electronic_261,0.16666666666666666,0.4166666666666667,0.08333333333333333,0.16666666666666666,0.25,0.08333333333333333,0.0,0.6666666666666666,0.25,3.9166666666666665
electronic_262,0.0,0.18181818181818182,0.0,0.0,0.09090909090909091,0.09090909090909091,0.0,0.8181818181818182,0.36363636363636365,3.3636363636363638
electronic_263,0.18181818181818182,0.2727272727272727,0.09090909090909091,0.18181818181818182,0.45454545454545453,0.0,0.0,0.45454545454545453,0.5454545454545454,3.909090909090909
electronic_264,0.18181818181818182,0.09090909090909091,0.0,0.0,0.09090909090909091,0.36363636363636365,0.5454545454545454,0.5454545454545454,0.0,3.8181818181818183
electronic_265,0.18181818181818182,0.45454545454545453,0.18181818181818182,0.2727272727272727,0.45454545454545453,0.2727272727272727,0.09090909090909091,0.2727272727272727,0.18181818181818182,3.5454545454545454
electronic_266,0.18181818181818182,0.2727272727272727,0.09090909090909091,0.18181818181818182,0.09090909090909091,0.36363636363636365,0.36363636363636365,0.6363636363636364,0.18181818181818182,3.727272727272727
electronic_267,0.09090909090909091,0.45454545454545453,0.18181818181818182,0.2727272727272727,0.45454545454545453,0.18181818181818182,0.0,0.36363636363636365,0.36363636363636365,3.5454545454545454
electronic_268,0.09090909090909091,0.09090909090909091,0.0,0.09090909090909091,0.0,0.18181818181818182,0.45454545454545453,0.5454545454545454,0.0,3.727272727272727
electronic_269,0.2727272727272727,0.09090909090909091,0.0,0.09090909090909091,0.09090909090909091,0.2727272727272727,0.7272727272727273,0.09090909090909091,0.0,3.6363636363636362
electronic_270,0.09090909090909091,0.18181818181818182,0.18181818181818182,0.2727272727272727,0.7272727272727273,0.0,0.09090909090909091,0.09090909090909091,0.09090909090909091,3.6363636363636362
electronic_271,0.0,0.09090909090909091,0.0,0.18181818181818182,0.0,0.45454545454545453,0.45454545454545453,0.45454545454545453,0.18181818181818182,3.272727272727273
electronic_272,0.09090909090909091,0.09090909090909091,0.0,0.09090909090909091,0.09090909090909091,0.09090909090909091,0.6363636363636364,0.36363636363636365,0.0,3.1818181818181817
electronic_273,0.09090909090909091,0.45454545454545453,0.09090909090909091,0.0,0.0,0.6363636363636364,0.5454545454545454,0.18181818181818182,0.09090909090909091,3.272727272727273
electronic_274,0.18181818181818182,0.18181818181818182,0.18181818181818182,0.09090909090909091,0.6363636363636364,0.0,0.09090909090909091,0.2727272727272727,0.09090909090909091,3.0
electronic_275,0.18181818181818182,0.36363636363636365,0.0,0.18181818181818182,0.09090909090909091,0.2727272727272727,0.0,0.5454545454545454,0.18181818181818182,3.6363636363636362
electronic_276,0.0,0.18181818181818182,0.0,0.18181818181818182,0.0,0.2727272727272727,0.6363636363636364,0.45454545454545453,0.09090909090909091,4.090909090909091
electronic_277,0.09090909090909091,0.2727272727272727,0.0,0.0,0.0,0.5454545454545454,0.45454545454545453,0.45454545454545453,0.0,3.3636363636363638
electronic_278,0.09090909090909091,0.09090909090909091,0.0,0.36363636363636365,0.0,0.2727272727272727,0.5454545454545454,0.09090909090909091,0.0,3.4545454545454546
electronic_279,0.0,0.5454545454545454,0.0,0.36363636363636365,0.45454545454545453,0.18181818181818182,0.0,0.45454545454545453,0.18181818181818182,3.3636363636363638
electronic_280,0.09090909090909091,0.36363636363636365,0.0,0.2727272727272727,0.2727272727272727,0.2727272727272727,0.18181818181818182,0.36363636363636365,0.0,3.272727272727273
electronic_281,0.2727272727272727,0.0,0.0,0.0,0.2727272727272727,0.36363636363636365,0.7272727272727273,0.2727272727272727,0.0,3.5454545454545454
electronic_282,0.2727272727272727,0.2727272727272727,0.0,0.18181818181818182,0.18181818181818182,0.2727272727272727,0.45454545454545453,0.45454545454545453,0.0,3.4545454545454546
electronic_283,0.08333333333333333,0.5833333333333334,0.16666666666666666,0.16666666666666666,0.75,0.08333333333333333,0.08333333333333333,0.4166666666666667,0.08333333333333333,3.4166666666666665
electronic_284,0.09090909090909091,0.36363636363636365,0.09090909090909091,0.0,0.5454545454545454,0.0,0.2727272727272727,0.2727272727272727,0.0,3.090909090909091
electronic_285,0.09090909090909091,0.36363636363636365,0.0,0.45454545454545453,0.5454545454545454,0.09090909090909091,0.18181818181818182,0.18181818181818182,0.2727272727272727,3.4545454545454546
electronic_286,0.0,0.18181818181818182,0.0,0.09090909090909091,0.18181818181818182,0.36363636363636365,0.2727272727272727,0.6363636363636364,0.09090909090909091,3.4545454545454546
electronic_287,0.18181818181818182,0.09090909090909091,0.18181818181818182,0.09090909090909091,0.45454545454545453,0.18181818181818182,0.5454545454545454,0.09090909090909091,0.09090909090909091,3.4545454545454546
electronic_288,0.2727272727272727,0.45454545454545453,0.0,0.2727272727272727,0.6363636363636364,0.09090909090909091,0.45454545454545453,0.18181818181818182,0.09090909090909091,3.3636363636363638
electronic_289,0.18181818181818182,0.5454545454545454,0.09090909090909091,0.09090909090909091,0.5454545454545454,0.18181818181818182,0.18181818181818182,0.09090909090909091,0.45454545454545453,3.727272727272727
electronic_290,0.09090909090909091,0.18181818181818182,0.0,0.2727272727272727,0.45454545454545453,0.45454545454545453,0.36363636363636365,0.36363636363636365,0.0,3.6363636363636362
electronic_291,0.0,0.5454545454545454,0.18181818181818182,0.2727272727272727,0.5454545454545454,0.18181818181818182,0.09090909090909091,0.2727272727272727,0.09090909090909091,3.272727272727273
electronic_292,0.18181818181818182,0.18181818181818182,0.0,0.0,0.2727272727272727,0.36363636363636365,0.5454545454545454,0.36363636363636365,0.0,2.727272727272727
electronic_293,0.09090909090909091,0.18181818181818182,0.09090909090909091,0.09090909090909091,0.09090909090909091,0.6363636363636364,0.36363636363636365,0.36363636363636365,0.0,2.8181818181818183
electronic_294,0.2727272727272727,0.18181818181818182,0.18181818181818182,0.09090909090909091,0.36363636363636365,0.09090909090909091,0.18181818181818182,0.09090909090909091,0.09090909090909091,3.6363636363636362
electronic_295,0.09090909090909091,0.18181818181818182,0.09090909090909091,0.18181818181818182,0.5454545454545454,0.0,0.0,0.18181818181818182,0.2727272727272727,3.5454545454545454
electronic_296,0.0,0.09090909090909091,0.2727272727272727,0.2727272727272727,0.45454545454545453,0.18181818181818182,0.5454545454545454,0.2727272727272727,0.09090909090909091,3.727272727272727
electronic_297,0.0,0.45454545454545453,0.0,0.0,0.18181818181818182,0.45454545454545453,0.09090909090909091,0.36363636363636365,0.36363636363636365,3.5454545454545454
electronic_298,0.18181818181818182,0.18181818181818182,0.09090909090909091,0.18181818181818182,0.36363636363636365,0.18181818181818182,0.5454545454545454,0.09090909090909091,0.2727272727272727,3.1818181818181817
electronic_299,0.09090909090909091,0.5454545454545454,0.09090909090909091,0.09090909090909091,0.2727272727272727,0.09090909090909091,0.09090909090909091,0.36363636363636365,0.2727272727272727,3.4545454545454546
electronic_300,0.09090909090909091,0.0,0.09090909090909091,0.09090909090909091,0.09090909090909091,0.45454545454545453,0.45454545454545453,0.36363636363636365,0.09090909090909091,3.3636363636363638
pop_301,0.24528301886792453,0.018867924528301886,0.41509433962264153,0.39622641509433965,0.2830188679245283,0.03773584905660377,0.32075471698113206,0.1320754716981132,0.09433962264150944,3.5660377358490565
pop_302,0.06666666666666667,0.1111111111111111,0.4222222222222222,0.35555555555555557,0.4888888888888889,0.022222222222222223,0.3111111111111111,0.08888888888888889,0.13333333333333333,3.6
pop_303,0.02,0.22,0.28,0.3,0.32,0.0,0.0,0.3,0.42,3.72
pop_304,0.21739130434782608,0.3695652173913043,0.13043478260869565,0.21739130434782608,0.17391304347826086,0.2826086956521739,0.08695652173913043,0.2826086956521739,0.2608695652173913,3.369565217391304
pop_305,0.12962962962962962,0.07407407407407407,0.2777777777777778,0.46296296296296297,0.2962962962962963,0.018518518518518517,0.2962962962962963,0.07407407407407407,0.09259259259259259,3.259259259259259
pop_306,0.125,0.0625,0.4166666666666667,0.4375,0.25,0.041666666666666664,0.22916666666666666,0.10416666666666667,0.25,3.25
pop_307,0.047619047619047616,0.19047619047619047,0.40476190476190477,0.5238095238095238,0.4523809523809524,0.023809523809523808,0.023809523809523808,0.047619047619047616,0.4523809523809524,3.5238095238095237
pop_308,0.0,0.11764705882352941,0.43137254901960786,0.37254901960784315,0.47058823529411764,0.0,0.0,0.0784313725490196,0.3137254901960784,3.450980392156863
pop_309,0.0425531914893617,0.2765957446808511,0.10638297872340426,0.40425531914893614,0.425531914893617,0.0851063829787234,0.0425531914893617,0.14893617021276595,0.40425531914893614,3.25531914893617
pop_310,0.13333333333333333,0.044444444444444446,0.6222222222222222,0.5333333333333333,0.28888888888888886,0.0,0.1111111111111111,0.044444444444444446,0.26666666666666666,3.2888888888888888
pop_311,0.0425531914893617,0.1276595744680851,0.1702127659574468,0.3404255319148936,0.46808510638297873,0.1702127659574468,0.0851063829787234,0.2127659574468085,0.3191489361702128,3.382978723404255
pop_312,0.07692307692307693,0.19230769230769232,0.1346153846153846,0.36538461538461536,0.28846153846153844,0.15384615384615385,0.07692307692307693,0.11538461538461539,0.38461538461538464,3.4423076923076925
pop_313,0.14035087719298245,0.07017543859649122,0.05263157894736842,0.08771929824561403,0.03508771929824561,0.3157894736842105,0.47368421052631576,0.3508771929824561,0.08771929824561403,3.456140350877193
pop_314,0.08163265306122448,0.12244897959183673,0.24489795918367346,0.3877551020408163,0.6326530612244898,0.04081632653061224,0.08163265306122448,0.08163265306122448,0.16326530612244897,3.5714285714285716
pop_315,0.045454545454545456,0.11363636363636363,0.29545454545454547,0.4772727272727273,0.5454545454545454,0.045454545454545456,0.09090909090909091,0.1590909090909091,0.2727272727272727,3.4545454545454546
pop_316,0.07317073170731707,0.21951219512195122,0.2682926829268293,0.2682926829268293,0.43902439024390244,0.12195121951219512,0.1951219512195122,0.14634146341463414,0.07317073170731707,3.6097560975609757
pop_317,0.027777777777777776,0.25,0.3888888888888889,0.25,0.6666666666666666,0.027777777777777776,0.05555555555555555,0.05555555555555555,0.25,3.5555555555555554
pop_318,0.10714285714285714,0.32142857142857145,0.14285714285714285,0.10714285714285714,0.10714285714285714,0.35714285714285715,0.2857142857142857,0.2857142857142857,0.17857142857142858,3.5714285714285716
pop_319,0.05263157894736842,0.2631578947368421,0.05263157894736842,0.05263157894736842,0.21052631578947367,0.05263157894736842,0.0,0.631578947368421,0.2631578947368421,3.3684210526315788
pop_320,0.10526315789473684,0.5789473684210527,0.21052631578947367,0.2631578947368421,0.5263157894736842,0.10526315789473684,0.05263157894736842,0.10526315789473684,0.2631578947368421,3.473684210526316
pop_321,0.26666666666666666,0.0,0.06666666666666667,0.06666666666666667,0.06666666666666667,0.6,0.4666666666666667,0.2,0.13333333333333333,3.466666666666667
pop_322,0.0,0.23076923076923078,0.15384615384615385,0.46153846153846156,0.6923076923076923,0.07692307692307693,0.0,0.07692307692307693,0.3076923076923077,3.4615384615384617
pop_323,0.0,0.0,0.08333333333333333,0.4166666666666667,0.5833333333333334,0.08333333333333333,0.3333333333333333,0.4166666666666667,0.16666666666666666,3.4166666666666665
pop_324,0.08333333333333333,0.16666666666666666,0.3333333333333333,0.5,0.3333333333333333,0.0,0.0,0.16666666666666666,0.4166666666666667,3.5
pop_325,0.0,0.16666666666666666,0.4166666666666667,0.5833333333333334,0.5,0.0,0.0,0.08333333333333333,0.5,3.75
pop_326,0.08333333333333333,0.0,0.25,0.16666666666666666,0.5,0.0,0.0,0.4166666666666667,0.4166666666666667,3.75
pop_327,0.08333333333333333,0.0,0.5833333333333334,0.3333333333333333,0.5833333333333334,0.0,0.0,0.0,0.3333333333333333,3.1666666666666665
pop_328,0.13333333333333333,0.13333333333333333,0.0,0.13333333333333333,0.0,0.13333333333333333,0.6666666666666666,0.4,0.0,3.533333333333333
pop_329,0.08333333333333333,0.0,0.08333333333333333,0.6666666666666666,0.16666666666666666,0.16666666666666666,0.25,0.16666666666666666,0.4166666666666667,2.9166666666666665
pop_330,0.25,0.08333333333333333,0.5833333333333334,0.3333333333333333,0.4166666666666667,0.0,0.16666666666666666,0.08333333333333333,0.08333333333333333,3.25
pop_331,0.0,0.25,0.08333333333333333,0.4166666666666667,0.16666666666666666,0.25,0.0,0.4166666666666667,0.5833333333333334,3.0833333333333335
pop_332,0.09090909090909091,0.09090909090909091,0.6363636363636364,0.45454545454545453,0.18181818181818182,0.0,0.2727272727272727,0.09090909090909091,0.36363636363636365,3.1818181818181817
pop_333,0.0,0.0,0.4166666666666667,0.4166666666666667,0.5833333333333334,0.0,0.0,0.08333333333333333,0.4166666666666667,3.4166666666666665
pop_334,0.09090909090909091,0.18181818181818182,0.36363636363636365,0.45454545454545453,0.2727272727272727,0.2727272727272727,0.18181818181818182,0.09090909090909091,0.09090909090909091,3.6363636363636362
pop_335,0.16666666666666666,0.25,0.0,0.08333333333333333,0.0,0.4166666666666667,0.5,0.08333333333333333,0.0,3.5
pop_336,0.14285714285714285,0.07142857142857142,0.07142857142857142,0.07142857142857142,0.0,0.2857142857142857,0.6428571428571429,0.21428571428571427,0.0,3.5
pop_337,0.0,0.2727272727272727,0.18181818181818182,0.6363636363636364,0.36363636363636365,0.0,0.09090909090909091,0.18181818181818182,0.09090909090909091,3.1818181818181817
pop_338,0.08333333333333333,0.16666666666666666,0.16666666666666666,0.5833333333333334,0.5833333333333334,0.16666666666666666,0.16666666666666666,0.0,0.25,3.6666666666666665
pop_339,0.0,0.3333333333333333,0.0,0.3333333333333333,0.3333333333333333,0.08333333333333333,0.0,0.5833333333333334,0.25,3.4166666666666665
pop_340,0.08333333333333333,0.5,0.08333333333333333,0.0,0.4166666666666667,0.16666666666666666,0.08333333333333333,0.5833333333333334,0.08333333333333333,3.4166666666666665
pop_341,0.16666666666666666,0.08333333333333333,0.3333333333333333,0.5833333333333334,0.08333333333333333,0.08333333333333333,0.3333333333333333,0.0,0.3333333333333333,2.8333333333333335
pop_342,0.08333333333333333,0.0,0.25,0.3333333333333333,0.5833333333333334,0.0,0.0,0.08333333333333333,0.3333333333333333,3.25
pop_343,0.0,0.08333333333333333,0.0,0.16666666666666666,0.0,0.5,0.4166666666666667,0.3333333333333333,0.16666666666666666,2.9166666666666665
pop_344,0.0,0.08333333333333333,0.0,0.08333333333333333,0.16666666666666666,0.16666666666666666,0.4166666666666667,0.5,0.08333333333333333,3.0833333333333335
pop_345,0.07692307692307693,0.0,0.15384615384615385,0.3076923076923077,0.46153846153846156,0.15384615384615385,0.23076923076923078,0.23076923076923078,0.15384615384615385,3.6153846153846154
pop_346,0.09090909090909091,0.45454545454545453,0.0,0.09090909090909091,0.36363636363636365,0.2727272727272727,0.09090909090909091,0.18181818181818182,0.2727272727272727,3.727272727272727
pop_347,0.08333333333333333,0.16666666666666666,0.25,0.16666666666666666,0.5,0.16666666666666666,0.3333333333333333,0.25,0.0,4.083333333333333
pop_348,0.07692307692307693,0.15384615384615385,0.23076923076923078,0.23076923076923078,0.07692307692307693,0.07692307692307693,0.0,0.38461538461538464,0.15384615384615385,4.0
pop_349,0.16666666666666666,0.0,0.0,0.16666666666666666,0.08333333333333333,0.25,0.3333333333333333,0.5833333333333334,0.0,3.6666666666666665
pop_350,0.08333333333333333,0.0,0.5833333333333334,0.5,0.4166666666666667,0.0,0.0,0.0,0.25,3.25
pop_351,0.0,0.08333333333333333,0.5,0.6666666666666666,0.4166666666666667,0.0,0.0,0.0,0.3333333333333333,3.25
pop_352,0.16666666666666666,0.25,0.5833333333333334,0.3333333333333333,0.4166666666666667,0.08333333333333333,0.0,0.08333333333333333,0.25,3.5
pop_353,0.0,0.16666666666666666,0.4166666666666667,0.4166666666666667,0.5,0.0,0.08333333333333333,0.25,0.3333333333333333,3.5833333333333335
pop_354,0.16666666666666666,0.25,0.16666666666666666,0.5,0.9166666666666666,0.0,0.08333333333333333,0.0,0.08333333333333333,2.9166666666666665
pop_355,0.25,0.16666666666666666,0.5,0.3333333333333333,0.25,0.08333333333333333,0.16666666666666666,0.08333333333333333,0.16666666666666666,3.1666666666666665
pop_356,0.15384615384615385,0.15384615384615385,0.38461538461538464,0.3076923076923077,0.5384615384615384,0.15384615384615385,0.46153846153846156,0.15384615384615385,0.23076923076923078,3.1538461538461537
pop_357,0.5,0.25,0.25,0.4166666666666667,0.5833333333333334,0.08333333333333333,0.16666666666666666,0.0,0.08333333333333333,3.5
pop_358,0.25,0.3333333333333333,0.0,0.08333333333333333,0.08333333333333333,0.4166666666666667,0.6666666666666666,0.5,0.16666666666666666,3.5
pop_359,0.0,0.25,0.4166666666666667,0.25,0.16666666666666666,0.08333333333333333,0.08333333333333333,0.08333333333333333,0.5,3.75
pop_360,0.16666666666666666,0.4166666666666667,0.16666666666666666,0.0,0.5833333333333334,0.0,0.08333333333333333,0.5,0.3333333333333333,3.5
pop_361,0.08333333333333333,0.25,0.25,0.08333333333333333,0.16666666666666666,0.16666666666666666,0.16666666666666666,0.5,0.4166666666666667,3.1666666666666665
pop_362,0.18181818181818182,0.09090909090909091,0.0,0.09090909090909091,0.0,0.7272727272727273,0.8181818181818182,0.0,0.0,3.6363636363636362
pop_363,0.3333333333333333,0.0,0.08333333333333333,0.5,0.3333333333333333,0.08333333333333333,0.4166666666666667,0.08333333333333333,0.08333333333333333,3.3333333333333335
pop_364,0.08333333333333333,0.08333333333333333,0.25,0.3333333333333333,0.5,0.0,0.0,0.25,0.5,3.0833333333333335
pop_365,0.15384615384615385,0.23076923076923078,0.38461538461538464,0.23076923076923078,0.38461538461538464,0.0,0.07692307692307693,0.07692307692307693,0.3076923076923077,3.6153846153846154
pop_366,0.0,0.08333333333333333,0.4166666666666667,0.5833333333333334,0.08333333333333333,0.0,0.0,0.16666666666666666,0.4166666666666667,3.3333333333333335
pop_367,0.16666666666666666,0.3333333333333333,0.0,0.16666666666666666,0.0,0.3333333333333333,0.0,0.5,0.5833333333333334,3.5
pop_368,0.08333333333333333,0.08333333333333333,0.5,0.25,0.3333333333333333,0.08333333333333333,0.8333333333333334,0.0,0.0,3.4166666666666665
pop_369,0.08333333333333333,0.25,0.3333333333333333,0.3333333333333333,0.75,0.0,0.4166666666666667,0.08333333333333333,0.16666666666666666,3.6666666666666665
pop_370,0.03571428571428571,0.03571428571428571,0.07142857142857142,0.8928571428571429,0.21428571428571427,0.0,0.0,0.0,0.8571428571428571,4.607142857142857
pop_371,0.08333333333333333,0.08333333333333333,0.0,0.0,0.0,0.6666666666666666,0.5833333333333334,0.5,0.0,3.0833333333333335
pop_372,0.08333333333333333,0.16666666666666666,0.5,0.3333333333333333,0.5,0.0,0.25,0.0,0.25,3.0833333333333335
pop_373,0.0,0.0,0.4166666666666667,0.5,0.5833333333333334,0.0,0.25,0.16666666666666666,0.0,3.0
pop_374,0.16666666666666666,0.08333333333333333,0.4166666666666667,0.5833333333333334,0.4166666666666667,0.0,0.08333333333333333,0.08333333333333333,0.4166666666666667,3.4166666666666665
pop_375,0.16666666666666666,0.16666666666666666,0.08333333333333333,0.3333333333333333,0.4166666666666667,0.16666666666666666,0.5833333333333334,0.08333333333333333,0.08333333333333333,3.25
pop_376,0.16666666666666666,0.08333333333333333,0.75,0.4166666666666667,0.4166666666666667,0.0,0.08333333333333333,0.0,0.08333333333333333,3.1666666666666665
pop_377,0.25,0.0,0.25,0.4166666666666667,0.16666666666666666,0.5,0.5,0.08333333333333333,0.08333333333333333,3.25
pop_378,0.09090909090909091,0.0,0.09090909090909091,0.36363636363636365,0.2727272727272727,0.09090909090909091,0.8181818181818182,0.0,0.0,2.8181818181818183
pop_379,0.16666666666666666,0.0,0.08333333333333333,0.25,0.08333333333333333,0.16666666666666666,0.5833333333333334,0.25,0.16666666666666666,3.0833333333333335
pop_380,0.16666666666666666,0.16666666666666666,0.0,0.16666666666666666,0.08333333333333333,0.08333333333333333,0.3333333333333333,0.3333333333333333,0.25,3.0833333333333335
pop_381,0.07692307692307693,0.0,0.3076923076923077,0.38461538461538464,0.6923076923076923,0.0,0.0,0.15384615384615385,0.15384615384615385,3.3846153846153846
pop_382,0.25,0.0,0.0,0.5833333333333334,0.08333333333333333,0.5,0.3333333333333333,0.25,0.0,2.8333333333333335
pop_383,0.3333333333333333,0.08333333333333333,0.5833333333333334,0.16666666666666666,0.0,0.25,0.8333333333333334,0.0,0.0,3.0
pop_384,0.16666666666666666,0.0,0.25,0.25,0.3333333333333333,0.16666666666666666,0.3333333333333333,0.08333333333333333,0.08333333333333333,3.0833333333333335
pop_385,0.3333333333333333,0.08333333333333333,0.08333333333333333,0.08333333333333333,0.16666666666666666,0.25,0.5833333333333334,0.16666666666666666,0.08333333333333333,3.5
pop_386,0.36363636363636365,0.09090909090909091,0.09090909090909091,0.18181818181818182,0.18181818181818182,0.18181818181818182,0.09090909090909091,0.36363636363636365,0.18181818181818182,2.909090909090909
pop_387,0.08333333333333333,0.0,0.0,0.16666666666666666,0.0,0.5,0.4166666666666667,0.5833333333333334,0.08333333333333333,3.5833333333333335
pop_388,0.4166666666666667,0.16666666666666666,0.3333333333333333,0.3333333333333333,0.08333333333333333,0.0,0.5,0.16666666666666666,0.0,3.3333333333333335
pop_389,0.16666666666666666,0.08333333333333333,0.5,0.25,0.3333333333333333,0.0,0.25,0.08333333333333333,0.3333333333333333,3.3333333333333335
pop_390,0.16666666666666666,0.0,0.16666666666666666,0.4166666666666667,0.08333333333333333,0.25,0.4166666666666667,0.16666666666666666,0.08333333333333333,3.25
pop_391,0.25,0.0,0.16666666666666666,0.16666666666666666,0.0,0.25,0.75,0.16666666666666666,0.08333333333333333,2.8333333333333335
pop_392,0.08333333333333333,0.0,0.5833333333333334,0.4166666666666667,0.6666666666666666,0.0,0.08333333333333333,0.0,0.3333333333333333,2.9166666666666665
pop_393,0.16666666666666666,0.5,0.25,0.3333333333333333,0.5,0.0,0.16666666666666666,0.3333333333333333,0.16666666666666666,3.5
pop_394,0.23076923076923078,0.07692307692307693,0.0,0.23076923076923078,0.0,0.5384615384615384,0.5384615384615384,0.38461538461538464,0.23076923076923078,3.4615384615384617
pop_395,0.5,0.0,0.16666666666666666,0.16666666666666666,0.08333333333333333,0.08333333333333333,0.75,0.08333333333333333,0.0,3.9166666666666665
pop_396,0.25,0.16666666666666666,0.25,0.5,0.3333333333333333,0.0,0.16666666666666666,0.08333333333333333,0.16666666666666666,3.75
pop_397,0.09090909090909091,0.09090909090909091,0.09090909090909091,0.18181818181818182,0.18181818181818182,0.36363636363636365,0.0,0.36363636363636365,0.5454545454545454,3.8181818181818183
pop_398,0.2727272727272727,0.0,0.0,0.36363636363636365,0.2727272727272727,0.18181818181818182,0.6363636363636364,0.2727272727272727,0.18181818181818182,3.909090909090909
pop_399,0.3333333333333333,0.08333333333333333,0.5833333333333334,0.5833333333333334,0.6666666666666666,0.08333333333333333,0.16666666666666666,0.0,0.25,3.75
pop_400,0.25,0.16666666666666666,0.08333333333333333,0.3333333333333333,0.08333333333333333,0.0,0.25,0.5,0.4166666666666667,3.0833333333333335
